nume패ro;nom;borne de paiement;capacite패;coordonne패e X;coordonne패e Y
1;FLAGEY;True;25;4.37191500367;50.8279234774
2;VLEURGAT;True;25;4.36769630468;50.8240611328
3;GARE CENTRALE;True;30;4.3567350444;50.846144806
4;SAINCTELETTE;True;25;4.34547474859;50.8592105972
